BP,Temp,resid_z,cluster_all_1.0
5797.95,25.41,-1.0367093862971803,1
5850.18,27.14,1.3490667870238964,1
