Spearman_Correlation,p_value
-0.5899193548387097,0.0004780380637412753
