BP,Temp,residual,resid_z,delta_residz,delta_zscore
3707,19.01,-0.1381183048064009,-0.3823691448034126,-2.145232049878989,-1.5498000946452182
4439,18.82,-0.580966477132062,-1.6083578156553155,-2.4790586043186953,-1.7849196467406265
4586,18.76,-0.6924493096985707,-1.9169888505385533,-2.2579098105921163,-1.6291609012606458
5297,20.06,0.3552089911854921,0.9833668200348868,2.7444190901002603,1.8940619068791913
5616,20.99,1.1701972745368003,3.239594720939441,4.432381839119797,3.082921930819823
5696,19.64,-0.208820181717293,-0.5781014646310239,-3.8176961855704645,-2.727744189414458
