BP,Temp,residual,resid_z,delta_residz,delta_zscore
2585.48,24.51,-1.2943076254507986,-1.9000687242172023,-3.409907705873322,-2.0611009155767026
2939.78,24.48,-1.522169325335451,-2.2345741237716537,-2.6125794636351776,-1.5749426036226117
3109.18,26.26,0.1772197978845078,0.2601621041637244,2.494736227935378,1.5391625336302286
4607.16,24.94,-1.46167797269921,-2.1457716436118983,-2.7003399180075265,-1.6284531556058461
4983.24,26.17,-0.2005807041040448,-0.2944563680653819,-2.7202597358406897,-1.6405989501471503
5850.18,27.14,1.0110654798680017,1.484263755120597,2.570897739150073,1.5856008130822057
